Model,SPD,SPD_Std,DI,DI_Std,EO,EO_Std,AOD,AOD_Std,Accuracy,Accuracy_Std,Balanced_Accuracy,Balanced_Accuracy_Std,MCC,MCC_Std
LR,0.17900786066160942,0.0,0.15734852632402221,0.0,0.2847875252946078,0.0,0.17975702645924826,0.0,0.8223552894211575,1.1102230246251565e-16,0.6970968385397542,0.0,0.4713886615087917,0.0
RF,0.15886958816676794,0.0024390802083357186,0.2759219745388646,0.0042297736429011065,0.11606237352696107,0.007528786945242483,0.0843627796169407,0.003995681943292688,0.8576078612006757,0.0007433574965091269,0.7539227746346273,0.0023623896059087883,0.5867098256585763,0.0026079154814051247
ANN,0.16986026413510041,0.02181606562480711,0.3469136525994104,0.034044818804187374,0.09284251874776812,0.0416613924520924,0.08108060829375724,0.02770468158422564,0.8407185628742516,0.0030377464583488546,0.7562084203117119,0.011878677567173425,0.5491768157147334,0.007936501500467048
Reweighting,0.05509204853276384,0.0,0.6333645197644007,0.0,0.04961314129270328,0.0,0.025669358702291045,0.0,0.8076155381544602,1.1102230246251565e-16,0.6627412577994671,0.0,0.41413930735713833,5.551115123125783e-17
ThresholdAdj,0.05061905665670424,0.0012928655933567678,0.5791430339138198,0.0062545162998175466,0.031020711820021418,0.0036335154612815164,0.01928842446638116,0.002044295325905758,0.7942576385690158,0.0010503688853976123,0.625226579999568,0.0016592646873852443,0.35414138036471454,0.004103336243022565
ExpGrad,0.07808472337513203,0.0014175654846793739,0.5150021381601808,0.008454655080544535,0.004398881085585049,0.003308385501586752,0.010115852797596542,0.002129711549340306,0.8095808383233534,0.0006542998849274535,0.6675320840633587,0.0009808216268232023,0.4221275366858661,0.0022000973582478856
Adversarial,0.050412203867258906,0.01963109175127074,0.5673899569519885,0.14796467644931316,0.10236102844899415,0.05374714023345297,0.05445582535215757,0.02678509293848159,0.8189774297558727,0.0023885074752194283,0.6544367040922505,0.00747109801876735,0.44851330681432156,0.00891089232266601
