Model,SPD,SPD_Std,DI,DI_Std,EO,EO_Std,AOD,AOD_Std,Accuracy,Accuracy_Std,Balanced_Accuracy,Balanced_Accuracy_Std,MCC,MCC_Std
LR,0.17900786066160942,0.0,0.15734852632402221,0.0,0.2847875252946078,0.0,0.17975702645924826,0.0,0.8223552894211575,1.1102230246251565e-16,0.6970968385397542,0.0,0.4713886615087917,0.0
RF,0.15886958816676794,0.0024390802083357186,0.2759219745388646,0.0042297736429011065,0.11606237352696107,0.007528786945242483,0.0843627796169407,0.003995681943292688,0.8576078612006757,0.0007433574965091269,0.7539227746346273,0.0023623896059087883,0.5867098256585763,0.0026079154814051247
ANN,0.16986026413510041,0.02181606562480711,0.3469136525994104,0.034044818804187374,0.09284251874776812,0.0416613924520924,0.08108060829375724,0.02770468158422564,0.8407185628742516,0.0030377464583488546,0.7562084203117119,0.011878677567173425,0.5491768157147334,0.007936501500467048
Reweighting,0.05509204853276384,0.0,0.6333645197644007,0.0,0.04961314129270328,0.0,0.025669358702291045,0.0,0.8076155381544602,1.1102230246251565e-16,0.6627412577994671,0.0,0.41413930735713833,5.551115123125783e-17
ThresholdAdj,0.04965336022355693,0.003941905755890114,0.5850515053755624,0.019653112854305477,0.029544697059873816,0.009617909701930574,0.017546683694104163,0.004453416814659202,0.7953324120988793,0.001897931784475651,0.6263595752871716,0.003855526306033457,0.35803046328566623,0.007862699530638983
Adversarial,0.05303674848119442,0.00504203724789868,0.6931077702265359,0.04242383048173538,0.16133674562552075,0.02005871041389662,0.0859112249455585,0.012885351844480983,0.835099032703823,0.004048310394024727,0.7170614796848577,0.019220932832125164,0.5141771552819605,0.018459755624137753
