Model,SPD,SPD_Std,DI,DI_Std,EO,EO_Std,AOD,AOD_Std,Accuracy,Accuracy_Std,Balanced_Accuracy,Balanced_Accuracy_Std,MCC,MCC_Std
LR,0.15126478289890294,0.0,0.6381807203021216,0.0,0.16339686098654704,0.0,0.13156161079123643,0.0,0.6791406791406791,0.0,0.6659241807667595,0.0,0.3420164724408574,0.0
RF,0.15281452703280904,0.019530354897943036,0.664956054330549,0.038280248332670186,0.1774430119581465,0.0242143230215981,0.13826544030561627,0.019760623701455506,0.65003465003465,0.003944629097923154,0.6407476781089974,0.004097556376213159,0.28498391440962745,0.008160883970270906
ANN,0.1886374916565404,0.019861902585207303,0.5969248985744143,0.042347261237284946,0.226480754857997,0.020173115994086104,0.17184481646822014,0.019635367624190013,0.6817740817740818,0.002680399113764878,0.6729667633715609,0.0020072517158814984,0.35023800814862094,0.0047862343849364485
Reweighting,0.08742662034263804,0.0,0.7946101885730369,0.0,0.05873972346786249,0.0,0.10272042421492851,0.0,0.6555786555786556,0.0,0.6422048715901789,0.0,0.29289237794885326,0.0
ThresholdAdj,0.041571394341850774,0.006590078630822743,0.8871436486295492,0.015751741354701008,0.02372477578475337,0.017768350978269187,0.02195664146489113,0.006771258208296671,0.646985446985447,0.009041999406957794,0.6317716466442104,0.00941186088261641,0.2738125234426495,0.019195403371783566
ExpGrad,0.00828184634342537,0.003925115642684559,0.9782874032464282,0.010721627122065628,0.013032511210762354,0.006555507319599304,0.022022488502918415,0.003185505220305572,0.6467082467082468,0.007545756112995836,0.6347748203820169,0.008206671490158583,0.27562952353065395,0.016063018790226497
Adversarial,0.07810376696503449,0.027198765660031654,0.8139938544453299,0.05940612438446563,0.10033165171898359,0.03445867704713681,0.06114180640068974,0.026698581681870837,0.6784476784476785,0.0017531684879658405,0.6679693919274129,0.001319506091195029,0.3422319889843705,0.0027257623155229034
