Metric,Original,Ablated (No Proxy),Delta
Accuracy,0.81,0.785,-0.025000000000000022
SPD (Parity),0.21702404158544508,0.23554256010396357,0.01851851851851849
DI (Impact),0.7591925018024513,0.7439067467326034,-0.015285755069847973
EO (Opportunity),0.10040983606557374,0.19193989071038253,0.09153005464480879
