Model,SPD,SPD_Std,DI,DI_Std,EO,EO_Std,AOD,AOD_Std,Accuracy,Accuracy_Std,Balanced_Accuracy,Balanced_Accuracy_Std,MCC,MCC_Std
LR,0.056205328135152666,0.0,0.9335382251248558,1.1102230246251565e-16,0.01775956284153013,0.0,0.010665495706479344,0.0,0.795,0.0,0.6787163876204971,0.0,0.42751610080221775,0.0
RF,0.23898635477582847,0.04785106333745378,0.7363064588221113,0.05362321191142185,0.1687158469945355,0.06613066123561746,0.2175722092115535,0.042135318486942,0.794,0.008602325267042634,0.6616945712836124,0.011708127788381636,0.4184363374346981,0.026461580434279104
ANN,0.15568551007147494,0.028560738768727674,0.8084610606697238,0.03619693107134206,0.11502732240437159,0.030949784452138765,0.11358508977361437,0.04085208273901984,0.7699999999999999,0.012649110640673528,0.6767630644342972,0.015467223936790805,0.38170841709448516,0.03335479321809648
Reweighting,0.056205328135152666,0.0,0.9335382251248558,1.1102230246251565e-16,0.01775956284153013,0.0,0.010665495706479344,0.0,0.795,0.0,0.6787163876204971,0.0,0.42751610080221775,0.0
ThresholdAdj,0.03885640025990904,0.023731025429069984,0.9510446134023989,0.028499097200395965,0.087431693989071,0.03997156638191904,0.07014441842310692,0.033605423231063615,0.774,0.0058309518948453055,0.7005073566717402,0.00605085316721774,0.41242667479610906,0.012839581422244626
ExpGrad,0.048473034437946705,0.017645124441838796,0.9427562979356038,0.020246892214764254,0.02131147540983609,0.016378636300820707,0.04137002341920376,0.027957910867971107,0.782,0.0040000000000000036,0.6628107559614409,0.008543199404530103,0.38862003197653,0.013865351703854603
Adversarial,0.09298245614035092,0.06352150949243057,0.8872308910651092,0.07664221633194955,0.054508196721311464,0.061878460164286136,0.10618266978922719,0.027149527378087575,0.777,0.008124038404635967,0.6768899036022324,0.017125936995566176,0.3917747630955514,0.02851776023077188
